temperature,voltage,current,charge_cycles,burn_risk
37.483570765056164,49.399355436586,2.162410862512809,537,0
34.308678494144075,48.92463368291277,2.4277406646422413,831,0
38.23844269050346,48.05963036992017,2.1037900395000193,989,0
42.61514928204013,47.35306322229442,2.34601923518048,705,0
33.82923312638332,48.69822331361359,1.553192666523107,556,0
33.8293152152541,48.39348538542175,2.606646853686469,714,0
42.896064077536955,48.895193220027735,2.500602737681112,834,0
38.837173645764544,48.63517180168197,2.0914556844659047,797,0
32.65262807032524,49.04955271531934,2.8296228342162024,795,0
37.712800217929825,47.46476478843943,2.968785068813279,594,0
32.68291153593769,49.317394065634325,1.696220067815513,773,0
32.671351232148716,48.1975996046924,2.1186376107168927,346,1
36.20981135783017,50.075260872625265,2.115428825106351,642,0
25.43359877671101,47.310812181910435,2.0300484494455677,663,0
26.375410837434835,49.73596380316525,2.9147374209658743,956,0
32.188562353795135,48.197910783462646,2.4030869306135982,687,0
29.93584439832788,47.348581996385555,2.3677425793446947,996,0
36.57123666297637,47.51611416594568,1.4980688177966233,538,0
30.459879622393945,47.67965269180568,2.8177090151046134,377,0
27.938481493323543,48.424165946401914,1.8803708025732637,651,0
42.32824384460777,48.5228354880355,2.529966315133164,712,0
33.87111849756732,47.426299996061424,2.6386884689790957,210,0
35.337641023439616,47.975645407739016,3.1803292979193256,484,0
27.87625906893272,50.14227035861187,1.845589800440444,932,0
32.27808637737409,49.72754317010071,0.9902439220895873,860,0
35.554612948549334,48.43632366967403,2.5919247723768475,290,0
29.245032112888488,48.0380034781682,3.400255590755427,589,0
36.87849009172836,48.12003132671826,3.1194731764697186,793,0
31.996806550405974,48.61351797273041,2.604829707637313,525,0
33.54153125103362,46.97720743480159,2.2541819071839764,504,1
31.991466938853016,47.74262346257665,2.903561298318655,434,0
44.26139092254469,46.33141592612241,2.0132269001477656,308,0
34.93251387631033,48.39922312260528,2.7381788846781094,121,0
29.711445355220498,48.64719593970274,2.7527350795833136,777,0
39.11272456051594,47.51681353770063,3.03010495374944,710,0
28.895781750144888,49.57398676329003,3.8798300194555386,307,0
36.04431797502378,46.77423433699766,2.6962079835893835,107,0
25.201649380601122,46.53562511979018,2.2455181871462506,801,0
28.359069755507846,48.22445181855997,2.4872128439040027,786,0
35.984306179345616,49.047098302612156,1.6154620475554409,884,0
38.69233289997705,49.68392769145787,2.152643434455471,628,0
35.85684140594985,47.54111573713106,2.295358780943448,701,0
34.4217585880588,49.07868083343129,2.2379558010327036,752,0
33.494481522053555,47.961491530499295,2.576177436016861,756,0
27.607390048162863,47.82737270005918,2.0887900338088996,265,0
31.400778958026457,48.88365993748667,3.0605153336622357,948,0
32.696806145201066,48.65232287841342,2.5001035324590983,595,1
40.285611131094576,46.42360784301575,2.495349839430693,689,0
36.718091447842305,49.476540349725894,2.336052641743541,528,0
26.18479922318633,49.38009135414745,2.5775953419294897,873,0
36.620419846973974,47.37443729849047,2.9125491323338175,262,0
33.07458859791842,48.39580353343741,2.06643489214455,465,0
31.615389998470206,48.494030186282735,2.170941755462372,625,0
38.058381444204336,48.26067376582391,2.3481369856116676,338,0
40.154997612479754,47.44969484615458,1.8270645382633925,171,0
39.65640059558099,47.328376632061946,2.090371070139251,544,0
30.803912383886807,47.97444592900855,2.2618895632276703,754,0
33.45393812074393,49.172729019259364,2.9371945903563637,921,0
36.65631715701782,48.54360015459443,2.6312806645009625,608,0
39.877725635611796,47.629385667913894,2.596794955683772,894,0
32.60412881077355,48.771698710648344,2.925448981083986,368,0
34.07170511668092,45.15145737936992,2.431314105800302,852,0
29.46832512996986,49.1487657003721,2.695232424964445,514,0
29.018966879596647,46.260286221221904,2.448389123533752,344,1
39.06262911197099,47.63755905859687,2.6326811746998144,774,0
41.78120014285412,46.88033010537386,2.208620671194209,159,0
34.63994939209833,46.70531852427909,1.2805914208617855,105,0
40.01766448946012,49.16082678737852,2.432860418906848,808,0
36.808180125238174,47.53229879868811,3.2113740680499703,669,0
31.77440122697438,48.34650388173072,2.963107701120796,916,0
36.80697802754207,47.95307942112082,2.9826987422955855,506,1
42.690182832329846,48.47704082722312,3.118065360903109,316,0
34.82086980445024,48.076821891060256,2.5443287954807188,125,0
42.82321827907003,46.71700777581143,2.598657853702798,914,0
21.901274479551276,48.99626681944714,2.191174052282825,104,0
39.10951252187612,47.506243416838686,2.3419635719864753,631,0
35.435235341190854,46.44341810134025,2.807885574885571,489,0
33.50496324767066,47.57188483903409,3.101942218584408,809,0
35.458803882677515,49.50075979063431,2.4302768621595003,670,0
25.062155426995538,48.85022174211349,2.274905367574294,547,0
33.90164056081244,47.65134786559214,2.500263979428299,853,0
36.78556285755873,47.650742295681574,2.8006033744645573,245,0
42.38947022370758,47.678364948782615,1.778072591933229,487,0
32.40864890863176,50.07674798356084,1.351909523431381,884,0
30.95753198553406,48.38193545223155,2.224731575254208,348,0
32.491214782077314,48.43004164719107,1.8896437870429206,625,0
39.57701058851037,49.030283454031846,2.2459299011763445,561,0
36.64375554829842,48.23878915902652,2.4261098405912644,112,1
32.351198981164806,47.7409578541793,2.2733757954884934,483,0
37.56633716556678,47.80365015091502,3.2262337672353727,655,0
35.4853877467402,47.92839874058593,2.66337238230116,986,0
39.84322495266444,47.96277776349016,2.6502371798054143,498,0
31.489734530613237,48.72762954363698,2.811103572021701,118,0
33.36168926701116,48.0519458858073,1.9305834411096154,674,0
33.03945923433921,48.73264007721558,3.0195558937101343,590,0
27.682425259339407,47.919283419891414,2.46211785673227,850,0
36.48060138532288,48.07863519031609,2.835240308620606,518,1
36.30527636089945,46.00179931546789,1.9640713834799222,436,0
35.025567283212304,48.91632767470248,1.723120616991968,518,0
33.82706433312426,48.34648847589799,2.908944829012514,711,0
27.92314628974793,48.99801010985965,2.688204763048758,774,0
32.89677338617321,45.103744621806314,2.048974222821245,221,0
33.286427417366156,50.088374704780726,2.0651684593626527,531,0
30.988613653891903,47.86041037184483,3.062717392207385,143,0
34.19357144166995,49.10818281673752,1.905294053566336,971,0
37.02025428407269,46.96009407287447,3.3213364766279816,416,0
44.43092950605265,48.61277390506257,2.0496896326760656,480,0
35.872889064159196,46.94658443682634,2.8191959628041916,244,0
36.28775195361382,47.376231039304194,2.3356907621255076,426,0
34.62777042116917,49.91403135386679,2.8015937155411716,462,0
25.406143923504793,47.80931759923666,2.2279429989429036,149,0
34.867430622753915,48.217432873179725,2.418603546963853,164,0
35.30115104970513,48.87006773068875,2.5204595876978604,454,0
47.316210562426434,48.4956818879726,1.9989062721092636,899,0
34.03819517609439,48.150418905143574,2.870412172710063,263,0
36.50773671166806,48.364961002466224,2.243393216764207,240,0
34.82644115147378,50.40341558523828,2.3857000423299906,925,0
29.15660981190234,47.942381202966416,2.002825312695744,227,0
40.7141140725751,48.201099046714965,1.2188331706023448,497,0
38.75966516343387,49.05065439600761,2.4044861186999156,979,0
38.95515973521523,49.10552593295798,3.706307710806458,562,0
30.453062726026303,49.18703030556038,2.8923021439490118,850,0
42.013971554680495,48.63873022202918,2.490369810132803,935,0
27.990744686038596,46.85699508726952,2.368554585395866,907,0
37.93428546900135,49.633431532301096,2.511232946406023,286,0
45.952278129049894,46.85365460698131,2.773559557587605,819,0
30.04731837434656,48.302635465239035,1.9095935923455776,831,0
32.16851135198614,47.24572414998064,3.057160847334436,289,0
35.498256825438204,47.93586165340701,2.857690657720622,487,0
32.482621729419,48.32876241030348,2.8590928628539674,528,0
27.246682844669337,48.32135721545027,2.719237869404864,957,0
35.34281487403014,48.42192075423529,2.509808328846995,383,0
29.688481431369475,49.61371126905865,2.83643061798341,963,0
37.36796215317591,48.45353430151398,2.795907066870689,336,0
30.402878828830985,47.75584336470935,2.322979644529488,293,0
42.7496720250877,48.96408716828836,2.2131991135515494,386,0
31.083733538318814,49.18947048892464,2.5509281476309935,870,0
33.38969241897162,46.77239218486301,3.274510075747594,857,0
39.06758608684835,48.59740006984986,1.8804464621730497,235,0
28.845678417830225,48.701172742310895,1.76623736712378,891,0
36.13729967302065,47.70243649664001,2.5823804206182586,882,0
41.53571377141214,49.375706813311616,2.525443850928009,270,0
26.96258382719386,47.849944412967474,2.586670832185204,258,0
35.92316929266152,48.125576453471545,2.6219765989542503,300,0
36.29941397124212,47.826928175716134,2.3883988726825973,586,0
38.909114358886555,48.01557904758147,3.244931719301041,656,0
28.81524644560959,46.903724913104796,1.6995480107617422,875,0
28.397716934578618,46.55994911740571,2.085751487609877,682,0
37.60970782808449,49.59450506322497,2.4483726199254763,603,0
36.48492336616593,47.15303865168167,1.6784055944229164,975,0
36.252464251729386,47.008607650543695,2.4120727977839644,470,0
36.73224104748488,45.84660988639629,3.330735082864009,202,0
31.599876392107547,47.3610382523105,2.510443244147981,224,0
36.16126848580502,46.6769102065925,2.615350452859342,412,0
36.46536236649341,49.64201516013637,1.86991761741371,897,0
31.42824290986816,49.00981708934263,2.1918192959802614,557,0
44.328872555723784,47.311849654822275,2.3124018098380317,329,0
37.36916460455894,50.252435805344305,2.341142451621883,757,0
29.043482513986756,48.98176548699159,3.1408218975018842,981,0
38.28276804316915,47.675168616491376,2.7788455303625623,296,0
30.126591648863393,45.500594285126425,1.944271021531484,984,0
38.93542301871226,50.290942572590744,2.6232523892160025,832,0
40.79297789503702,46.610427533236404,2.7491108742483927,522,0
30.89658840824145,46.35460125304311,3.070074519260633,671,0
39.816880646221605,49.02257043200964,3.290270343284187,709,0
37.063904634682494,50.439752406339274,1.9924529040860657,270,0
39.11030079997245,49.38427281851052,2.0945712443948308,481,0
44.48396491326974,48.56390912005236,1.8712110705426919,272,0
33.77305941998565,48.594754341665286,2.3829900704465095,762,0
31.23131917821255,48.853415558780306,2.7331791872231674,552,0
30.552427851872384,48.75892858978676,2.993667258294551,449,0
30.920948575172808,48.281191423969375,2.4620244881787388,733,0
34.61449145292948,48.10420110395187,2.340076238372578,593,0
36.70575987408322,47.937406872100475,2.57587899612437,719,0
36.3834539966501,47.24603541113332,2.0824285491849883,103,0
39.13591624518012,47.71932492313323,3.5447693608473867,192,0
35.065009459389536,46.307043185804616,1.6961694864409707,105,0
42.26767038578659,47.90166037320525,2.5923702894478624,387,0
33.67671583381022,47.01140889284908,3.51180310961482,717,0
48.600845832948096,46.89641068278423,2.503399922279999,245,0
38.128336738825034,48.179894151153476,2.4049804824992527,882,0
30.714212217918586,49.3920022863446,2.3212772885947865,523,0
29.64553750969444,48.918316606002314,2.409804159118796,989,0
37.41236207621593,46.429499396376826,3.186424237338265,707,0
33.88268607337075,47.01037186342966,1.3940690443352466,556,1
38.57000247046046,48.94077118798822,3.2667168506481628,840,0
37.366188122867726,47.01751260646169,1.7880214237749275,301,0
34.63585543671564,47.775366850002975,2.3666738353827927,311,0
30.766031409657977,48.550052099024555,2.285377789850669,105,0
27.425763876570677,47.03165554513637,2.79427663488536,723,0
32.767425239664895,48.10537550614596,1.7009378240581263,475,0
39.28199397161736,46.6659745050818,2.7310863330409716,990,0
36.07046872065102,47.398632356048786,3.512154811643426,546,0
28.771306106440058,48.31978193414254,1.8184129977035948,934,0
35.86590462925591,46.40700626646833,2.594853083805198,205,0
36.92658689864418,48.4404747379604,2.1690089111016952,750,0
30.580712818994336,47.98036220107332,2.7129436030965177,910,0
35.768625529727636,48.55248995441715,2.5095738887078762,500,0
35.29104359223,48.223914134064664,2.179256545477845,195,0
29.285148510846884,49.364140429973844,2.743936142435537,487,0
36.788936801741414,48.12522450264791,3.4021740548933717,551,0
37.803922631841175,47.570594458874744,2.404548104136351,948,0
40.41525621587638,48.122297503032286,2.859878971074091,908,0
40.26901026017451,48.543298029036386,1.8533635210644182,515,1
28.111653160214544,48.0488600703257,2.0217818115909956,825,0
30.310874800424386,48.04059169120388,2.736203138940189,603,0
37.5751763360433,47.29800831219325,3.2420580142679825,553,0
37.56892975456105,47.33709908244905,2.67780667439283,390,0
37.57523843153024,46.59739472820031,2.3434709847384227,633,0
54.26365745327361,49.74957674318694,2.499645702711677,292,0
37.85445255346583,46.75613676460871,1.8747961330151413,249,1
40.677828200902994,47.30709480220409,2.8022576631776834,979,0
39.770008817466014,47.2815927344308,2.941166531161705,858,0
38.25695625652899,48.89492437694444,2.27395483358346,878,0
33.423653776798275,47.70505032170797,2.264978926120249,862,0
38.79484610246634,49.24774207267373,2.632939114826024,614,0
31.13587392731214,47.32650937575613,2.281640131979702,492,0
33.815906966299956,48.2789941622238,2.4669336926870886,415,0
32.57318226085448,47.16465294674024,3.549860894583258,175,0
35.40937069693161,50.14514912777339,2.3764871496270015,698,0
46.573292833367546,46.81240158097049,2.320829923989389,369,0
25.66367403704126,48.30982071022703,2.1762290971824205,324,0
38.431300951872565,48.633776880932096,2.8720959857499686,629,0
26.936420644051744,48.413799097451495,2.4093879133909484,212,0
32.64034067105283,47.814712341122295,2.175313480839287,350,0
40.44475298483683,47.87017930026657,3.160652016136506,332,0
35.321400095477316,48.04381147197911,3.2098015022568185,940,0
29.61127611035347,47.852997998371514,2.1997882171306475,890,0
31.42348145370016,48.96387911679491,1.5667300243196918,813,0
38.39798874467338,50.210523001591355,3.003756844918461,182,0
31.34816684141432,47.442508214992166,2.157685087119998,224,0
36.08229294790988,46.63019702042092,2.8953127995813843,274,0
35.22785919951907,47.91171795164875,1.5149480911440822,168,0
31.741998261970913,50.57970933765432,2.9462986691496544,146,1
45.719720446626624,47.19632543203027,1.8944140353596093,983,0
38.169595111590056,49.63911680544407,2.865382059533262,355,0
24.874287066711965,49.67770081407644,2.5071365339182172,826,0
35.93227157384714,47.44641175829201,2.0230302903016777,129,0
31.69106767615806,48.56898307918527,2.29648184353661,380,0
39.26216667398112,49.62839662312854,2.8431592284783505,336,0
31.037396307836495,47.620872259012515,2.552947226557617,347,0
34.42631779266551,47.796419639897636,2.792206490236242,467,0
37.524936394902284,47.418319086051355,3.4882202922577425,594,0
39.32877597085061,46.985243269307134,1.7178791941444742,124,0
28.998517964721117,47.350722454933994,3.308606287484312,685,0
33.327493820795254,46.776059733237744,2.5521779687616064,817,0
32.625273444195216,48.034083468259226,2.050607975838436,589,0
31.73335383713144,47.23002676894136,1.834843187130505,593,0
43.82727120140548,48.23378591179075,2.405439804611483,413,0
37.024908554804774,46.44410435379637,2.96082505596223,705,0
28.695580228324772,48.330880232214454,2.436225439811233,474,0
39.58930973527388,48.83352896160893,3.2555774651236735,738,0
45.610780985063165,46.00626435742854,1.7744121549742204,124,0
40.16232630275574,48.374056569847575,2.493955526076973,433,0
27.403150170229935,49.22766899247329,1.8738032777934404,454,0
32.57882963566874,46.79035898130879,2.681815941312484,215,0
41.334555745933116,49.6725723868377,2.94344369504865,147,0
31.461652671906094,48.419019009366046,2.2896191031594735,837,0
37.219097140731144,47.29498814424159,1.1978930716864329,877,0
38.87317026714668,47.94423092234229,2.5994740733982473,198,0
30.365347642109583,48.55832691252172,2.718369275866755,558,1
34.702373219691,48.07600539141241,2.702147377480849,622,0
18.793663299654636,48.53875599244637,3.117891095911077,696,0
29.878061793328552,47.079326406920636,1.9644731601754755,504,0
33.7371592430342,48.169360824036076,2.840108052725225,313,0
28.761084090175753,46.58628550309502,3.0962537562389874,784,0
43.16205651965818,47.8887739386513,1.6107062079967416,602,0
27.849293110196836,47.09609235853521,2.6598259129594886,820,0
32.79977756651508,47.264470057410236,2.2479100844961644,547,0
35.65370288643046,49.236093175210435,2.459238663449177,993,0
42.20636644533058,49.09131012059427,2.673838241769168,675,0
27.8206892441028,48.609138120907176,2.256385717943224,357,0
40.815818760774796,46.90768723532742,2.162145960419194,943,0
35.05116530509793,47.683591550305195,2.517076208744012,220,0
30.092456744760245,49.21309769997919,1.9563770305685986,909,0
37.31051737131635,48.141716913639904,1.9570874355574073,153,0
35.99529847786735,50.319329539981695,2.839686641478252,430,0
31.998915614206027,48.39331783939437,1.925602982420672,883,0
35.349010424950094,48.19204911649003,2.833156250454606,340,0
33.073432015691196,47.6908835357975,2.7312956464269758,854,0
35.56758672625624,48.13354090478228,1.6370966356047016,629,0
38.31065337260523,47.84753016361945,2.1612176738321724,582,0
42.93008408072676,48.70810867668859,3.0970547015236862,286,0
28.810922505865754,48.95670231679458,2.0094172344301593,957,0
45.665166873281336,47.21401053949205,2.267797868845306,755,0
25.23956100238749,46.66876704644222,2.7310304466259483,361,0
34.24107452482208,46.1637946268967,2.8916952546412977,463,0
37.94158603242288,48.507991326912546,2.374230556977752,590,0
36.40495933867516,46.89663339382613,2.2012449026541794,530,0
31.88650240089703,45.84710940704752,3.211184930849254,338,0
33.95938874821363,48.38857860453096,3.3694498318987893,403,0
32.53499532670584,50.49299951743279,2.9894290253908977,397,0
32.053176215278945,47.993929088460106,2.542659071282512,175,0
39.24801048510513,48.83849077445164,2.095867139179537,799,0
36.785077429825236,48.081829358547566,2.0847777967217174,432,0
31.535452023696728,47.901110346808856,2.7612570526328786,999,0
39.49799937716625,48.91907648298777,2.709199110444342,857,0
36.536497604383044,47.70972545581135,3.200799296473215,741,0
39.0643105941948,48.267392314071905,2.8252250462680695,573,0
38.14814420961806,48.32169780619601,1.7484598491200911,926,0
30.855024945389637,47.331909546356954,3.025973808861459,382,0
32.19909479901515,48.992042349536526,2.0009696863427937,690,0
38.73646802561631,47.82504024330459,2.3080143640238244,171,1
38.05185132716733,47.24425484050715,2.625100103125847,362,0
34.89549203017926,48.53650984357041,3.4978337448919823,802,0
35.58663691654391,47.101532018208964,4.054959278002681,978,0
41.388324478942124,48.028181157369126,2.8033615295680914,986,0
32.04214305582085,47.990881003355796,2.4084016906398062,674,0
37.73548690585019,49.08589556583158,2.767252824240275,991,0
33.98903673783053,48.47469823287995,2.943827712936918,111,0
33.911593983863895,47.974973041254856,2.339666187221404,240,0
40.49388425993595,48.81776629920029,3.397605677956161,865,0
39.12708174494015,49.39020754901731,2.615035379595701,654,0
39.06754818000319,48.55781030635186,2.7488715445456973,116,0
41.52739403577164,48.01035261984338,2.8329621260272306,162,1
35.105019208163796,46.68816376764984,2.7107933053072277,352,0
38.40976485647482,46.93488633692463,2.919470250234806,564,0
33.44866621703272,47.694775295645336,2.1913734067265382,475,0
36.62083176244221,47.39048779784072,2.220849123026985,903,0
34.34928472816158,47.81302869701455,1.9499228835141524,619,0
35.48497982496359,48.05664992489711,2.7197506153101134,936,0
37.975785127184565,48.52969275435673,2.889468251756057,189,0
30.908896583832636,47.92950122194091,2.728886433075943,819,0
45.4619363784273,48.4865016438262,3.3372462166737686,903,0
29.96991309250149,48.06447441481012,2.4972019905854768,895,1
28.92905693606134,46.02453343364613,2.8343708277962563,729,0
40.79055436750034,47.06066460618125,1.9541495619303428,960,0
38.95831346981468,47.85591244427838,2.3064501487627993,274,0
38.12059908526078,46.79030525715889,2.8477688787828885,175,0
38.1417275463214,48.59992872999621,2.924551055371572,712,0
34.93876613576543,49.5307508323437,2.353016526167909,762,0
30.51372814257084,49.218761851697316,2.4642003740709666,499,0
35.379022790968634,47.78655712906979,1.7410631266595953,881,0
31.61419144243944,49.49072613684995,2.3214853995966953,170,0
39.87559866708875,48.14866745720211,2.945191581759893,279,0
34.26471309248931,47.662914028881964,2.787602508053283,223,0
30.872514016037442,47.38659733645906,2.750332860690605,480,0
33.393070791735035,47.69753031351187,2.52488684359048,392,0
37.064657271378124,47.611823181458774,2.5035315793140884,896,0
32.18137723598013,48.170416222375486,2.1698394302632766,294,0
30.888898022167844,48.160573981049865,2.8494142101012674,327,0
36.21843605745956,48.00304602015341,2.710486472194695,530,0
36.22483285554361,48.43693816974635,2.7460094239963997,535,1
32.46528412314435,49.19064627478634,2.23698257866621,886,0
32.644808471908384,48.949554135441325,1.4233285400643778,560,0
36.160249686788184,46.5151020315501,3.0485763558768477,717,0
27.75957829251338,45.446078865098045,2.260581271995798,120,0
27.962681128117225,48.93431991123927,2.06861211797844,163,0
31.40777889373782,46.63312130158458,2.846739455956997,264,0
33.932764241440765,47.77523459810732,2.3039936800404353,126,0
36.554537827990025,46.82988697394064,3.029968192023311,410,0
42.37678108474776,46.19801956241998,2.8085029747883485,384,0
39.2882981160101,48.541462728204785,2.8417846616002387,759,0
34.20030735018287,48.75915516030265,1.8170221443997328,380,0
34.904918960486555,47.42348959927328,3.1059719926932003,937,0
29.987353176810956,45.40895770785509,2.630625265616928,930,0
34.90743432003805,47.45375555174752,2.3153614303768983,263,0
33.55670680539931,48.39180400540255,2.5716942336711255,997,0
36.613592801690444,46.52108843122587,1.61188238355084,323,0
30.863845282238387,48.18335991977916,2.7043264057403356,883,0
37.59673257120586,47.98469015082701,1.985314245908964,245,0
42.66369456501289,48.57929149960109,1.8236648570782328,967,0
34.45619925771571,48.119580368414155,1.7388204068910544,129,0
37.00855861049471,47.026931059118446,3.056344187494963,144,0
38.45071995855556,49.196571501664494,2.1853683031536058,886,0
32.99389764057082,47.84147042697303,3.26686385495825,570,0
36.12046240905208,47.972695460490065,2.232099268473851,133,0
35.06296200390897,47.0667320409268,1.6463210212035266,752,0
35.488380492744156,47.55671774880849,1.9417377800256705,526,1
31.13495108072267,47.115197285973096,3.117905810003469,929,0
35.12255087129471,47.827053940076574,2.422050911031666,985,0
37.48999145622725,49.71170848014234,2.2258563517546994,320,0
42.25571803897521,46.62809885706864,2.580009112926394,967,0
39.79635413042603,46.386438602123256,2.7508913680837725,633,0
45.76591228755778,49.47117032749361,3.0586994079512304,791,0
31.163262185559752,47.790676322848135,3.224249614946463,466,0
39.36160318360339,47.330927261340086,2.320115677105457,940,0
35.91671002869176,49.039904687396074,1.8369761569589809,842,0
45.94901466608836,47.39438446026313,2.293267419438362,649,0
30.958508573224243,49.82600971354694,2.630140253291443,681,0
30.801390789096118,48.67792587133927,2.0181205368946946,215,0
32.003036772779886,47.512088591854294,2.0214245425524786,338,0
24.380521378450965,50.1573082132655,2.6718939407749427,434,0
32.37122489159619,47.39428507699666,2.475673824214774,540,0
31.20433669223151,48.74209537200931,2.516398497705793,247,1
35.75196893238104,48.299292580406494,2.1207523326499653,108,0
36.7087798788858,49.3017412893988,2.3847996428971165,387,1
44.38085419607943,49.561511196726855,2.037883427865848,487,0
39.75211919093025,48.03200414906577,2.9450992055623932,149,0
32.115481721687985,47.24658212965382,3.0176246673618765,949,0
30.50792664325821,48.459972142939115,1.576906068880953,616,1
37.45959585753253,47.32228463024789,2.035244569903795,954,0
28.398833964896788,50.01338724752662,1.7517353724549605,737,0
44.157293829271765,48.13653533108274,2.1749880327965507,686,0
40.897200603606436,47.63467844868789,2.4582810151048196,776,0
32.65412173947647,48.18468030586491,1.775177390150735,377,0
26.434327354545612,46.6528737104703,2.0390700934373434,935,0
41.76936187082706,47.02838596148935,1.9980213139592506,399,0
34.42730077373691,49.20041390794442,2.6036336646994718,901,0
41.18908155986731,47.34310572102861,2.5346721685181253,688,0
27.027861706028165,46.953089017318064,2.1391312233313733,909,0
32.00312488523114,48.53665275252729,2.588410436069699,748,0
35.026218498590914,49.185704154663,2.2266599577063673,717,0
35.23490296882371,48.718953310665064,2.3641724448369734,706,0
32.749672642603784,48.99604768580581,3.3367260451492684,234,0
38.114249661737496,47.24320491143054,3.1702305258951737,679,0
29.661897853087027,46.57818933325816,1.8502093815362013,246,0
34.288102574893536,49.501333651955484,2.9148662089395874,589,0
35.601478158559495,47.677320161157866,2.905698277245796,577,0
37.57219417029374,47.74916698354495,1.9258683556236909,258,0
38.558074390444446,49.32819414184906,2.9093888218774304,483,0
29.376789540810655,48.55623000940066,3.2689659592062763,262,0
27.32942914632189,48.45588777208161,1.938727596877793,540,0
41.38838410949255,50.16500234490108,2.0412485894928682,952,0
36.66157005989796,47.356481769619855,3.0088307334217514,288,0
31.25756731721723,48.927840128081236,2.635747655412824,514,0
42.75575987761262,48.05701312489708,2.7757381376197614,438,1
35.57837317146429,48.26859227886326,2.6702946082002486,706,0
40.89648592031913,49.52846842641253,2.695347960464072,280,0
35.33759240705054,48.50783575628962,1.8367639358444585,387,0
45.303739624409936,48.53829607904963,3.023658853310724,933,0
43.77670421221602,49.0725073373098,3.084794996213887,286,0
33.75517925760463,47.635047270457115,2.385304627965986,983,0
39.85785475477178,47.160790332660994,2.478261525093069,237,0
38.226879747925736,46.955190805978965,1.734446248722139,229,0
41.843157787661745,46.033643410623995,2.7571273780089176,293,0
30.17538269709948,50.05620712994032,2.786028720857072,415,0
38.4302572999922,46.896791634278316,2.4689044915003446,884,0
40.292122434247936,47.778746376414226,3.0621766799352512,963,0
26.20630256788443,47.72318670011108,2.3329613845100297,243,0
29.083707436671126,48.3074066978091,2.7823029629468,115,0
24.803839111199498,48.8157372125393,1.990167830653942,401,0
33.65296582777721,48.860473488359744,2.488223924562881,522,1
38.58771127897981,47.416922561431065,2.412822871048582,344,0
42.51178526048014,47.832878286213585,2.6126539610204706,206,0
35.37047390209887,48.2825799504883,2.315236535583321,187,0
43.14307772785646,47.751308873816456,2.434263702164166,228,0
28.099492708925542,49.607345576019995,2.913023585720753,986,0
26.483087803224226,48.49097495163825,2.281617881380891,440,0
34.722261505516904,48.734877786049815,1.6967114496306603,103,0
36.92032724469654,48.66288126866741,3.3747919521027105,426,0
34.836526259529535,49.17347385748533,3.1907270393452434,509,0
24.662789499800617,48.181021558703705,1.8538686524471908,978,0
34.55439980243606,46.703168052044155,2.844853902622597,405,0
28.477652497475734,48.39968795175264,2.2485126147243286,706,0
38.348362744150194,47.34864310620817,2.6317436076655296,820,0
36.83299123048424,47.47138331825024,2.647112064506747,324,0
30.300601068363225,48.58636401875509,2.382796099841839,447,0
32.43066541331653,49.238283071433635,2.1081171672068018,420,0
29.70393239055524,48.02127157673606,2.1547294738418703,658,0
34.686604513634144,48.30883301259897,2.041904042259379,280,0
39.77571160250619,49.70221494463524,2.0840888958847774,717,0
30.07136976832228,48.24075317948857,2.4664108549753223,810,0
37.52023257758922,50.601683114180396,2.142120005444624,485,0
32.348711908137794,48.56550964563154,2.84102603285631,717,0
31.03563583868828,46.23923724084418,3.2436230776679635,891,0
34.46484820022721,48.75334162110453,2.2099733793149783,871,0
29.82378838790313,48.38115838488278,2.6197022502676885,207,0
32.23175347326409,49.28975275408275,2.749842555151467,630,0
29.010610537055758,48.67318135126996,2.736001135459637,509,0
44.82362566458195,47.861544016016225,2.5379776339580435,395,0
35.17631775985864,46.775701763710636,2.871341209179861,917,0
31.50137246003707,47.79097674271397,2.7411244763403286,270,0
36.06989955367111,47.1494795457907,1.881168788836351,430,0
34.43835975154585,47.41947655019528,2.9345780321946364,592,0
33.89515200233389,48.58857840442061,2.943645418633371,294,1
38.07083350021713,49.66990450435141,2.1183569479107094,111,1
38.787538550236526,48.39467152982298,2.518968917723801,294,0
32.34749426194736,46.804116937964814,2.8416644964055346,589,0
32.1209087967766,48.44460266822014,2.395343090210319,894,0
33.62474151424178,49.19663148664565,3.036489023883006,980,0
23.490394176322077,47.39021709568062,3.6819362473096806,281,0
27.42404468900724,47.86598283332708,2.107006983682509,916,0
41.83437133722262,48.014688194729196,1.8094776984231125,755,0
43.22483856750642,47.21510168691776,2.6519092978024377,997,0
33.75481980221811,48.64828043384386,2.8607812525630716,415,1
37.88278481527883,47.87905185139222,2.3845668130776154,793,0
36.55625077271768,48.41953244390703,3.226630331660517,129,0
50.39440404227619,47.1125078221979,1.8306971001383756,695,0
40.59787455717289,47.562541699676586,2.8464593115158054,777,0
34.36041204259617,48.72238135782777,2.197069589620553,895,0
30.22229779699787,47.627166847908235,3.3596889531036482,892,0
26.96776839871214,49.72696385123341,3.496257676584059,195,0
36.017318179336115,47.600363814385396,2.1166717061083262,480,0
31.218246273578483,48.224684725751885,2.2252214320457098,877,0
27.88873145201163,48.93259083187309,2.929793943489901,543,0
31.767135578787368,46.58163426706697,2.3064346751052427,397,0
29.592259981928024,46.23919118801923,2.477294391033881,907,0
43.43570817536282,46.47434368542991,2.512694210271205,836,0
39.408198784747256,49.26258410342718,1.540163421901172,944,0
34.960136793416915,47.448141854107554,2.493081126952881,460,0
42.39972069445013,50.55819928566825,2.155136112967913,473,0
35.386841538238095,47.43575240134261,2.253438588800114,653,0
30.69357899335868,48.18455130319704,3.221816001734407,402,0
42.61562038634828,49.54210995256788,1.8717465528603718,520,0
37.694550218423295,50.006092888159124,2.9066025933739885,345,0
29.81376922836772,50.0615035766364,2.3605185348340956,819,0
34.04830660958196,49.20836623059314,2.3601199157520827,336,0
30.621908733076214,49.02406252581146,2.8951859480258557,633,0
28.086001345178317,48.592526949201186,2.670025647284445,284,0
39.630887737658206,48.77836107616664,2.7853064986097653,567,0
44.54708320235065,47.44881428367147,2.9840923302664306,853,0
28.007162130904295,47.181801116577695,2.334345808408339,462,0
37.81484618345286,47.99662554258905,2.193881632746125,382,0
31.746787154390866,47.82981537747507,1.957424736721101,652,0
32.56437308117652,47.54677195067273,2.0872947350105227,435,0
32.03803037880566,48.696387447456715,3.974547212654363,261,0
30.68004615160092,48.95530520857051,3.122339790368393,259,0
35.24260813972413,48.08840688629185,1.8244628168959893,573,0
30.84524941794481,49.477530081055264,1.838771021628215,700,0
36.35228412889919,46.858310885866494,2.740933030859246,421,0
34.748809452754315,47.806340540720285,2.7736323986889833,111,0
33.80525976566795,47.2831776793972,2.7744419176586823,523,0
30.46218168979201,46.13346338292694,2.372522103223151,172,0
32.116143347158335,47.917319314157304,2.4372728699985498,687,0
38.77695612912878,47.87825249161671,2.6639397620796785,957,0
37.504585938121906,49.513449743242134,2.5429465031466654,300,0
30.112223776007244,48.63081168455478,1.3903498136262324,621,0
35.49666152714613,46.975813175670794,2.385100184712403,963,0
38.75693561685895,49.85409256633419,2.074296782869843,604,0
26.652973594393142,49.22103369552535,2.587605709454256,837,0
37.71680096189967,48.58209770346861,3.992629501301705,787,0
31.686881205270765,47.77351590115017,2.6837408327371524,887,0
37.852993342965796,47.04056076327652,2.343235156913801,138,0
31.183704217287417,47.62779322392895,2.960900750988626,159,0
25.975589496677404,49.088748619704184,2.7413439436046065,677,0
26.862287810584185,49.88458630593461,2.7100472452259208,420,0
35.24042473330691,49.543243528272185,2.8034252966078355,534,0
36.29861250860741,47.51115057821372,3.5282717824147705,735,0
30.478416874477958,46.88038256671099,1.9345557823370423,775,0
38.19296229388687,48.1408862469112,2.736816038405727,507,0
26.6923996886552,46.23156063443715,2.0368094350092307,485,1
34.669601006763415,48.323167714184784,2.777756323171124,770,0
28.944919001187717,47.85239741370133,2.0406567442569528,668,0
31.740819460989204,47.533963498131754,2.291316593197458,177,0
35.23699335658207,46.40529693273321,2.3524550428810467,293,0
30.69793317358024,48.51360010656972,2.9879083596723546,384,0
33.077222278850876,47.46729916033809,2.959227221971207,626,0
40.0314640460722,46.83008316428971,1.8771413117768079,623,0
32.115540652384254,45.12773778671835,2.5274670554999243,712,0
39.17846056032571,47.97248509494936,2.1452100726254137,255,0
29.351465726711908,49.77225159666975,1.8707475446623327,439,0
37.64902088957641,49.66125921454787,2.3914914747878147,224,0
42.207843103289505,47.54290374341373,2.3457586057720903,970,0
22.641777499363553,47.39778793963822,3.7133582431727614,379,0
31.015523722647615,48.46877425607502,2.7164799126803483,721,1
37.8853606359027,47.00161456081171,1.8111912496228815,945,0
33.984773069785035,48.30179189981946,2.2176129979145287,968,0
36.85572936685654,48.76608027838469,3.010691647714699,757,0
31.980074066420897,49.22693322388431,3.5442213864349625,827,0
35.4329489373645,47.89984592352005,1.7070083438810209,773,0
34.221613823039604,47.79632624982303,1.5600378074304775,227,0
40.838910308299035,47.12201741324344,3.435482587685891,413,0
36.272104216506065,47.17311964596014,2.694807088685452,431,0
36.68801331037601,47.77352110809847,2.065853634061817,249,0
32.94061516938766,48.36736550681618,2.7673145430612176,553,0
32.56196887963753,48.91358462623325,1.1821261304915611,135,0
32.8372090609019,47.19682104931965,2.5016877532985804,784,1
36.97226071189149,49.49268856895952,2.6639105864215424,519,0
32.895077595898684,47.72887639895743,2.962135069768915,121,0
36.448874284482066,47.97863270565156,1.993052023853731,305,0
45.37700399322719,47.252788320852176,2.5428435807016796,738,0
39.35562351715846,45.57575973972706,2.037287686970206,947,0
33.369882339160796,48.88404539636105,2.6276918778371585,455,0
41.00606961081972,48.736843897092434,2.052326838818488,539,0
32.95962313489224,47.71867244288179,2.2959495804198897,828,0
24.80937732411073,48.06699071722487,2.0020923026048854,195,0
29.95956844541298,48.5159392177041,2.8255681209118286,263,0
25.646040394870724,46.437454143113456,2.9292255583283326,247,0
33.24243257979346,47.47094732265371,2.382689715021293,629,0
35.09209189594776,48.794264679621826,2.5191189974800143,393,0
43.382186561376415,46.74571057683075,1.775704292683228,294,0
36.63463686882081,48.29355793216663,2.3501616759966066,762,0
33.90449735595568,46.6434181953766,2.4748976914791276,579,0
39.14702790591745,48.466429982433525,3.8103965455149877,976,0
23.944323454960575,47.964358517702514,1.9440164871129182,222,0
36.17807279054283,46.38486818409449,3.232088619376219,499,0
38.85432596943483,49.16473935445717,2.998429386732904,798,0
27.607068771100792,47.265408423201954,2.6403182022450684,551,0
40.71877021603464,47.189747562985616,3.3793102420975667,760,0
36.69248203747207,48.20056919723094,2.6860527363034317,203,0
32.923560430495996,49.14863734942872,2.694579597833964,854,0
38.163909330531425,46.984178181021605,2.473439673491227,561,0
46.35346428902198,48.06167984984797,3.1117844412093136,842,0
35.90933127529247,48.428816500330576,3.0482346169054417,817,0
36.24110293150168,48.69310560726314,2.187161356251894,809,0
32.70319550229878,48.17644155527722,1.8403764027006164,495,0
30.75077815267604,47.63297216091668,2.3985096813021713,436,0
39.15167908272123,47.17240977935128,2.0999807178011767,698,0
30.719580870455665,48.086143883046375,2.4682377126923223,241,0
35.35783118609696,46.927860988014395,3.1187190673420697,416,0
32.61171276617441,45.07864951650539,2.271349172456605,810,1
37.39489912873196,48.43655980415767,2.4785883093442127,657,0
36.668310526434745,48.9039348410862,2.5290113674041974,899,1
40.1876997212895,45.637067564458164,2.924215441102642,626,0
32.44991800572627,46.99026929529006,1.3765553330076974,655,0
33.65062532353314,48.6191542610052,2.1966498526173517,500,0
30.106181421088465,50.0574954697117,2.6056418461397364,780,0
32.778533699619445,48.02079370767541,3.1000394782134304,409,0
36.88650246522426,47.271997058770864,2.2540487762468975,594,0
38.78494308322676,47.81710355889516,1.561723646979063,655,0
30.389173379111874,49.37487641914819,2.8098557229830683,709,0
39.3480296005283,47.35403582087547,2.1823188055871854,872,0
41.778189294024756,47.20080799334975,1.9051666704548194,208,0
37.067174516118506,47.517256477817966,2.187827305143388,894,0
44.38397906279033,47.046671391741285,2.407737321172075,471,1
31.131054004482134,48.122670315994796,2.1976276677308935,954,0
28.776726483442914,49.62467845846956,1.3972169714504654,715,0
26.106398755478608,48.32307927311603,2.948533098443566,867,0
42.480221557445915,47.74764649787371,3.137437520639361,990,0
38.27182828177029,47.708188731084455,2.8257609956697527,305,0
34.72207664544772,46.43680919130334,1.9311571647875918,946,0
36.3998431315991,48.88310977714716,2.399254233026241,142,0
29.372554763508116,47.922162802987195,2.496739342385271,964,0
47.228759898084135,47.819520086409376,2.7993971947809553,344,0
35.64610590987614,51.19310756784486,2.8341702443590404,386,1
35.546973973024464,48.298752908365685,2.132913100610752,454,0
38.62883311949346,47.248208949904814,2.5409977782067803,884,0
37.40504615868357,47.57364240379446,2.7286402023076204,575,0
36.119420121395656,49.14844570919676,3.2279111610733833,182,0
31.04762772277344,48.113270410537766,2.8522532699123615,209,0
37.35734178567998,46.561722021682634,2.8945283436877594,289,0
44.41012248237517,48.9192289345752,2.5419133139646806,899,0
41.72710023077489,47.33185591446101,3.205229572601752,350,0
42.965933133196984,49.87329777621755,2.7048813979797486,823,0
32.443921617844076,49.08004806571465,2.0694560449132147,390,0
30.051975898707095,47.55267810434125,3.2016849850625952,744,0
34.37106539950176,49.28101636173511,2.848951636269514,300,0
35.27862456144347,48.0678555105274,2.2784779894357587,896,0
40.47095759235474,48.85277367512222,2.2602535163003785,425,0
26.537676851425903,48.48473281729447,2.648287772570381,610,0
42.64775159730307,47.15364334500913,2.7315923976337926,508,0
34.20996050710505,47.35645016768254,2.5986461328156034,706,0
32.8655946502629,49.02996081758116,2.6556543367214425,889,0
29.93947812369916,47.66522466789346,3.34997868728819,936,0
26.725716640671152,47.596351536758,3.035771576117443,607,0
39.11585291980957,47.04487742065065,2.595317795632512,830,0
35.36658983594202,48.423599065593464,2.9706552903837418,700,0
28.55019550129473,50.062524919243145,1.9837380482362303,171,0
28.52460613968192,46.93246708574573,2.6989635249734043,346,0
33.32107650354936,48.02421945667276,3.404653174866555,740,0
43.34510762644696,49.41222055541543,2.390977052303813,823,0
33.702043243181976,47.920358608754285,2.0761830356904576,954,0
27.48428523440947,48.452371796249736,2.1739555557034698,707,0
33.77128467957028,46.93760647185312,1.9551834813288058,686,0
33.63638215126165,48.42830709720765,2.1076190459361483,665,0
21.515566785292144,47.81285573499545,2.3147459507049857,443,0
34.72852566741094,48.98572999567986,1.7972164904106789,153,1
33.84532734895661,49.18738605156475,2.5078091669748015,829,0
38.48103182406709,50.58956364201861,2.9511385868933235,627,0
44.244780474726724,48.57963317321357,2.0461219099265398,710,0
40.632825147738785,48.325796316582164,3.2596419618208845,631,0
33.65555654722585,48.19438430157734,2.7553960442637973,657,0
29.467370456291647,47.64683370718931,3.0152902928120286,292,0
47.8667990162493,48.33848384346169,2.1710827230739316,994,0
35.29609217007244,47.70459858986097,2.927262613533308,157,0
35.06964645956473,48.168460976269614,1.9540330498023435,536,0
34.87937456444998,49.31759753560796,2.9451237504182544,210,0
35.99042380383928,46.99345743472036,2.5859196698967657,228,0
34.27819794038029,49.139878561129045,2.776625609992392,948,0
32.13168996559882,49.31711506733986,1.912202697187574,805,0
32.26570529379804,47.88193147300892,2.052465078861698,951,0
34.83623364892001,45.878145100991404,2.7986141091266923,425,1
32.282876144331176,47.39217801290557,2.0258259978878996,107,0
31.435771086614178,49.29699454656111,2.7316031460495616,128,0
35.53215113845948,47.97713193770112,1.8164310967698771,211,0
33.72511391289572,47.00069776770509,2.9240871063333342,772,0
42.51996494291345,47.49522507877178,1.8837383426157455,230,0
21.74515095803494,48.84062002650455,2.7761499688397615,287,0
40.45753425961231,48.54673356820138,2.8128154668230003,774,0
41.23042596248815,47.761067900830305,2.1516140907852126,808,0
24.63304883795925,47.63317558818531,2.7910132835423633,574,0
33.28656202959826,47.608241850956176,2.630221131666778,463,0
33.142795670021044,47.0775898155015,2.2305790719036307,303,0
27.962441526410892,49.615375689469445,1.9957226579618959,311,0
31.110916562045624,47.67767953078866,1.5186871541637106,720,0
29.447120772670857,49.2171585208255,2.6748250236498468,375,0
43.761352217118116,49.521316051922454,1.7175986143189723,172,0
39.678391965737305,48.99831089814796,2.547672099720654,778,0
41.35777547497079,47.568379687281954,2.3682758919588753,871,0
38.60836032021618,48.40373009033661,2.8395713877190976,342,0
29.354741143913856,47.97580439360908,2.348977250255068,886,0
32.37739866860113,47.09629813926987,2.3352761068264543,201,0
37.44687280613959,48.324359281721605,2.865935352144148,784,0
28.889360955540273,46.8209602088402,2.6675290145420587,270,0
38.56499215086194,49.18767938846156,2.6580779785913893,752,0
33.79837300920933,47.535382702701604,2.734633794904263,287,0
33.12589596225201,48.20115965587284,1.732213938396447,540,0
38.554799841017456,48.28328787154614,2.878394339993491,185,0
37.2213165574302,47.74109502629592,2.806234397006801,575,0
33.1951691709046,48.58669380147528,1.9916584357117513,151,0
40.79664901682124,47.52509634337748,2.3779597631628993,210,0
29.594683362000513,48.87129729745725,2.4803463561861845,976,0
38.07967803472132,46.65402031975325,2.432751607799134,953,0
37.96550628984192,48.12637957954641,2.6669299832842674,142,0
33.45226780343005,49.938928999058284,3.2156833909155917,310,0
36.63066511121059,46.999668675394425,3.0408833638364143,299,0
28.744432118073483,47.32225502947515,1.8438904032842969,909,0
39.6201350960345,48.513907849658914,2.8110349951530242,957,0
34.075489317785056,48.179581781939596,3.164466659767705,851,1
32.3863848974048,48.35063009927356,2.693404260344601,726,0
40.245046129184445,48.48918713014766,3.0454902125929832,125,0
31.478281547286205,48.63472146856177,3.5061352228503826,398,0
27.957693518182204,49.10969984195622,3.0118547730534906,176,0
27.216854132380483,48.409818656928515,2.6246542978208645,236,0
38.0300497567282,47.75874234538146,3.0225442370423767,119,0
28.597853237518585,48.67257370120273,2.5724439165484454,539,0
43.77397090992182,49.89988193489521,2.511951521642478,310,0
24.59035296058139,47.867366253617426,2.324292882143134,851,0
43.48228184145019,47.02547069532936,3.281706679416054,650,0
36.055087336013095,49.10708066928697,2.0907856670289995,534,0
34.51643444064804,47.879618836046404,3.2661838623390578,879,0
32.27540456595525,45.827330453985965,2.7499320618701857,306,0
36.99568057176035,48.84742167715042,1.8003469125990292,538,0
34.811826487875756,47.46467181404608,2.6838246464957107,878,0
40.516509410082605,47.90946671769584,1.449986746174188,765,0
35.5711382433102,48.33198033056902,2.812754008415518,141,0
35.751508807309385,48.190499679779066,2.9426157414944956,510,0
33.18193893893072,48.70945181713904,2.203822022173973,622,0
34.71527188139466,47.56451362943016,2.561773847977791,905,0
36.5390088444603,48.513105798176085,3.477078716875143,709,0
26.449158036716874,47.74045332241608,2.2471266478690315,526,0
28.259072889471433,48.7388104808875,1.9705462064716999,374,0
38.71632047011357,48.615367484013056,3.2408317012312993,547,0
35.85432719063971,47.06456129795541,3.4812935952653974,983,0
34.0800833182366,49.08598211617503,2.5018478359239236,841,0
35.09216966532696,47.46403655488595,3.005731517704178,468,0
36.737908526808354,48.80805779828115,3.1707379577654407,319,0
32.30120159845319,48.36728731340134,2.128757883730808,676,0
31.108476372988438,49.838183676795126,2.2573470823160657,966,0
35.97922627548841,47.77653401762815,3.1154372565773674,331,0
30.10813611192484,47.650683203881805,3.3425071393542547,427,0
37.04126377857236,47.980580394112266,2.7814404300871773,542,0
26.4870819788108,47.69682021716572,2.060092823248973,151,0
40.14577818662822,48.79994190194205,3.4935305558497207,985,1
37.362987412065216,46.383689391563415,2.234514551094018,475,1
36.28014867156938,46.946317580853645,2.3324311094142742,362,0
39.91345491972757,46.932197078420806,2.6711689172448105,366,0
43.32737222231288,48.950307591973576,3.2770802103573873,458,0
40.07185032509065,49.710613372581925,2.926987988276112,416,0
25.795628843341774,47.895550781462525,2.7074327501809554,423,0
28.602115166321493,47.831178276809986,2.731644265059053,765,0
31.875907111521606,48.07005216311318,2.521757334321733,969,0
35.130455251054165,49.16187830260819,2.7790697572592533,977,0
37.58829510234561,47.072646865809425,1.2352199611528485,751,0
31.371280934232672,48.238368982734784,2.351696270465101,662,0
35.93383382238539,48.97519762978243,2.6206609674583907,728,0
31.22308533823339,48.50109416993985,1.9244929581902466,520,0
31.942410985040258,48.189581616598744,2.69316165890578,145,0
27.96669451575889,49.001046092567144,2.397764389506939,920,0
30.38383376944548,45.29676770700076,3.3777378491577448,699,0
28.24157697191833,48.677875319530905,3.2865098626074283,819,0
30.120633735113337,47.345924316872576,2.2670972154409186,988,0
40.2682089830392,46.16936710314354,2.4245811442166523,368,0
30.253005555840286,48.51120259952498,2.4630262171958037,700,0
48.161910324186955,49.37365854516296,2.2741702619201885,480,0
37.466589504404446,47.86255148537231,2.5975124920140633,217,0
35.92418061847437,48.95287454720294,2.120858965556205,665,0
30.708211099093933,49.61227825798865,1.9346923325312368,215,0
38.501549397044954,49.314914453584045,2.8113556119501344,729,1
32.12181086881113,49.63996452937139,2.8147647921109056,359,0
35.610049073226804,48.74212749107189,2.0978421201700037,174,0
47.800422691343975,48.07543363890159,2.9476777153812996,579,0
34.519700501376754,46.398034188102834,2.184211135417334,404,0
40.74636663142838,47.75393751187005,2.6265826190189907,106,0
31.48411787437056,47.156753404683805,2.910172006306228,465,0
34.82505754751519,50.170942717497816,2.4831937176481436,733,0
43.85400317817755,47.824114187567666,2.727370456070567,622,0
31.865164711061162,48.123204806784486,2.2417851780562144,447,0
44.062242789984644,48.55148537604047,2.4017667082859515,537,0
38.538759677277376,48.043602446372454,2.3970702845598297,314,0
32.18766612052866,49.695051040430755,2.1267108267298807,528,0
38.1620386952776,47.37735063826555,2.411612918442109,890,0
39.86277224813365,48.19460745523724,1.7256908505681268,597,0
38.10904981108598,47.25752941430195,2.254423126428948,639,0
27.148876400547717,46.67997748877929,2.3575622533151646,846,0
31.364314120875658,47.388230909094716,2.37191012375231,466,0
33.762406822242475,47.962963202951585,2.3792512770646104,412,0
34.62783285449977,47.57069777548274,2.4691179000699357,637,0
38.10336048775339,47.30757902012614,2.739720759043032,153,0
35.88850500466627,46.59368253632817,2.937258537066261,640,0
28.323278206449494,47.916894427371304,2.1751173865758666,566,0
36.90098925502981,46.495279625969,1.8983995723054279,964,0
38.05292872641912,48.7600559636896,1.9789777938784485,263,0
37.7989522396552,48.082439752934505,2.2563985394025363,881,0
40.40390362777311,46.542448500535066,2.3240393410917455,433,0
39.16961077274452,47.690790922950136,2.1150019669012714,646,0
37.29590039614219,47.24784359440942,1.8519416678750527,897,0
34.649171442706766,48.31917451041918,2.271939586262906,447,0
26.69519533242004,49.34045044602315,2.5907133100569855,372,0
37.14809109566293,46.12482753035425,2.7975147329177825,819,1
36.03843843581556,48.11502607914742,2.2212884734458394,849,0
36.35789418597687,47.83986720443336,2.293501088928283,513,0
28.616257120898453,48.67134007645046,2.036650845576345,599,0
29.594717297958688,48.21319662823769,2.484280414812612,192,0
40.26576426666452,47.24803066826118,2.0757856829045926,784,0
34.802224230716725,47.680946064333384,2.7865639066206,178,0
38.40750348686312,47.20397414319651,1.6070667540329444,721,0
35.14159188065231,49.0760071385986,2.3201851637737687,316,0
35.14878069747873,48.02131164867194,2.650553669595871,457,0
39.69141902987999,49.90119068575301,2.591917258161252,717,0
32.41977635891313,47.93933918618538,3.8465168319902485,606,0
35.48060388470492,47.291593233089536,2.674900012283954,658,0
32.68862355647479,46.486285607387174,1.9979727015789948,280,0
32.827518862838424,46.196860323744055,2.4522678764554633,675,0
33.454139382656805,46.41586405699451,1.6118768332667741,345,0
36.110668858168566,48.26712665101148,2.4597001253516195,343,0
32.60625689168261,48.508725023229935,2.0834719714996206,605,0
41.278780627867604,46.41880929796787,2.957695137780081,521,0
30.52696348890248,48.89503831407612,2.2252298627022324,419,0
34.06564177919321,47.51693894831656,2.4416170421023766,186,0
32.801344708629124,48.14679301198555,2.1822210792977983,316,0
42.23488942176866,49.61222062825542,3.3694256759266654,589,0
35.98277388255787,48.896839315865535,2.339378616941044,618,0
40.159222697343175,47.731469352094166,3.416278521739601,377,0
27.57219813481514,47.10880777458471,2.907075881059133,948,0
36.33525132934629,45.8481845986707,2.741033363667693,821,0
39.44815397811718,47.28084668075758,2.68436657365876,268,0
35.41141994637712,47.78886976117231,2.696898649108126,429,0
40.32740187532676,47.012820472848816,1.536163710327195,749,0
32.41355774949814,47.868743032907695,2.3605583029246215,540,0
42.0467372009279,48.07685188295877,2.922578985592161,490,0
46.49449061809625,47.775144018191924,2.4755514082629473,595,0
33.18580719780171,47.34999741917654,1.7974050765982126,480,0
32.77248739299614,48.16865467196673,2.473797774711265,405,0
42.2669223855885,48.44194064956941,3.3520527581277455,841,0
42.89786072865356,46.90960092255715,3.1234458577673596,919,1
32.38569986423366,49.41093237974627,2.4689979953169843,772,0
32.89906591452071,47.90141186771574,2.9757246385290435,612,0
33.59107695569747,48.01884962294485,2.316746489815974,847,1
28.277747444828613,48.70821442325656,1.6480642065866404,287,0
30.40674026757901,48.233216131263504,2.0377670059352226,615,0
29.97929616623966,48.953136633913246,3.281444384254099,743,0
31.161012174479357,48.287124165201824,2.363003459085348,526,0
34.82657556306609,47.387562625359564,2.378308010312491,601,0
36.1710736626826,48.3615035252061,2.35008090186256,829,0
42.75250246407038,46.85627379267934,3.4520682947865033,359,0
30.008229796306047,48.10855970577652,3.3129794576810316,612,0
39.92161199238292,47.96677000935554,3.609390116724067,170,0
33.93005577887246,47.79188314272746,2.4204773947999745,577,0
34.752681451737836,47.87146248856107,2.6478122443735477,277,0
38.37409746083302,46.11815095450236,1.7416787252896044,556,0
29.386389892188507,47.45127509225904,3.2384672130591374,288,0
36.912048730920255,48.09284490114111,1.9161102243660326,390,0
35.83226104106528,48.1598563919974,2.6083877818813144,619,0
37.462256320040744,46.97232485907404,1.951348736183578,864,0
36.44584321953909,49.2657078408647,2.2055665866306517,391,0
47.276500699554475,47.1338251517855,2.08136878447515,855,0
31.81130007874342,48.96945720052673,2.196062369662091,734,0
32.34501522499091,48.427194361871685,2.2304386484255105,910,0
31.88429736787618,47.3537726901562,2.2258656025374615,382,0
32.22261440419873,49.77531089260951,2.9166669558901535,643,0
31.81306436346741,46.80636316824352,1.9475686034687398,945,0
40.94508265553776,48.91915417361,2.6102707135069334,476,0
42.102521239949276,49.00058231804298,3.1089795761527794,757,0
32.146268531252616,47.329379790923355,2.243401817743302,255,0
30.838222134478855,49.39246530006433,2.141040554626199,607,0
37.35707778193202,47.74995348540105,2.3847376874098747,512,0
32.23888477859514,48.288693629279855,3.089862604180355,627,0
38.164659088777555,48.26032183877122,2.597053815476679,454,0
36.0146151042565,47.86569125852945,2.234392852696201,658,0
27.42127942501384,48.81080827315978,2.74193832559402,862,0
42.737526006650306,48.79348872055221,1.9488539250817882,286,0
43.97938836547761,46.25146802676182,2.840679755221474,130,0
31.93605654757807,49.304340242878155,2.704303653850884,359,0
33.06149220032008,46.337508011964324,2.346095764430558,520,1
36.429326953624525,49.03254620434166,2.0807071007763844,628,0
36.67228394993513,49.12670513682758,2.0566595388582716,650,0
38.29272136336415,46.9090335697848,2.7674086681729553,403,0
45.05102269383175,47.58918571204541,3.114490251244531,138,0
34.11526386252975,46.894295331514066,2.1813461264856024,588,0
31.00851377730773,47.785078969711265,2.7291933517757423,743,0
28.103403859927365,47.691965715814256,1.4564864906989656,641,0
31.345349800290403,48.77966053226934,2.2076911346714003,769,0
34.83436513563102,49.31030874611961,2.484470533564549,377,0
43.97278931758894,49.395683810789954,2.0451582915090833,302,0
32.41194350481914,47.437831973421694,2.031746812605202,165,1
36.11893975819449,47.790778126255475,2.166110221765557,207,0
34.917885519636236,46.31656180777905,2.6460963641631867,367,0
40.94196636724042,47.19412993350381,2.406335490796813,321,0
47.63466212936811,48.96485163309746,1.380884383337514,903,0
32.3456561353984,49.61558282354823,1.439649923682467,629,0
32.552802787408886,46.765651128120076,2.1965674110714124,189,0
40.22080438534536,47.40753574084711,2.728843293026776,792,0
38.409457448131555,47.97359424304107,1.1262475786373827,354,0
44.23353662868017,48.28016115881961,2.2501349119241847,554,0
37.91964092662982,47.190396480078356,2.2368760717412894,352,0
33.203539546064704,48.42406104446409,3.194168889104224,356,0
37.95327415346155,47.526160652929086,2.307489094143568,482,0
40.54351790291454,47.98554772912172,2.691494492370464,541,1
39.10241090598682,48.5462842480037,2.5706285700437315,957,0
37.53637015553649,48.00642226981094,1.4347167600963997,698,0
40.33337344794577,47.563614109473434,2.8841036083158684,189,0
40.84647795222836,47.89039019607417,2.607698252728144,848,0
41.91079495518763,47.911637040794666,2.754134319837295,489,0
38.24354943794821,47.62998897011787,4.463118853218163,681,0
34.16440959841573,47.7412039373329,1.4579435302507058,143,0
35.733568432166614,49.59864717050472,3.3623483248805544,811,0
41.03254483254179,48.56091944794124,2.356276240299822,763,0
30.91532164506382,47.70451968197084,2.6436644522015045,697,0
36.84336654436451,48.696954404510734,2.477243877349379,118,0
33.0333059383632,47.66618051024399,2.287881833300978,200,0
35.143724114674086,49.17312463758664,2.2150835358806207,706,0
41.39225931303649,48.36964219219809,2.6647543677865047,865,0
35.95549534009952,47.89269785599577,1.7414131516641604,456,0
35.23218274078074,48.447716925810276,2.8752895837608827,641,1
28.200719295100406,46.4291238479315,2.291902797557373,860,0
38.731267830136105,46.873232531090196,1.934965330479821,132,0
38.22742090570538,46.806074993600944,2.274993571002093,328,0
45.8162736165273,48.14294309476371,3.128574608431286,623,0
33.461108825234994,49.73251499948509,2.2323324564918883,729,0
36.0957516383197,50.23130014619263,2.67922680910481,961,1
36.246918418553776,48.63805110144076,2.1345218621422632,254,0
42.887266398817374,48.50084447494446,2.8789609249618096,522,0
34.52352233806524,46.19894226584726,2.842753869395102,345,0
36.3951076288517,47.45732620026598,3.424304416648206,504,0
38.0394825485827,47.212216248091764,2.4122180272503924,943,0
35.93304561578179,47.37915240174888,2.8343274023789533,858,0
32.76783192724736,47.83185618141521,2.5490337697694723,640,0
35.970449964491536,47.52790942230287,3.147935890931507,260,0
40.36815874929886,46.020700189624215,2.140583806195635,846,0
29.8674235029447,48.747910256117535,2.8725026564386407,801,0
35.66484837073438,46.927256974260196,2.402651351941659,216,0
31.499395925304135,48.23924686411115,2.4679059114457513,370,0
40.97523314462421,50.07408266974997,2.5458762422241863,869,0
27.384065476081126,47.08061540841358,2.626120198213339,791,0
32.20539076364206,45.46971247725367,2.441885478439021,586,0
36.8860593753226,47.71399577811989,2.6073565915852632,984,0
42.827620146171704,49.100959634998574,3.289059028781092,271,0
34.67124869463506,49.95834745422059,2.9927248428076094,373,0
32.22400236653401,46.770450405547585,2.9345772962484484,358,0
44.40578534720295,48.49669922323652,2.2722302369880647,234,0
27.75993049791878,47.53468954321995,2.055379585885838,782,0
24.00597021689959,47.89405164569587,2.9776502791188766,821,0
37.200072250266665,50.644343347017035,2.938023396264897,847,0
32.489728878236946,46.49702967160485,3.236335337875491,521,0
29.893835914346433,48.25373966149457,2.1980096870153853,520,0
38.541782236496765,48.46769317176543,2.3852256723198266,285,0
36.219003568855996,49.08578632493935,1.6802579187372828,463,1
32.17960684631636,48.09798315347089,2.3037644469695637,706,0
28.59847800664553,48.3080505395041,2.9982852552897237,477,0
39.36228664140072,47.60835143257821,2.266752310385901,622,0
38.251005889793305,48.269126941245105,2.8202398976004117,679,1
34.50412068110309,47.65680772450259,2.4047484470010945,990,0
44.23318498023833,48.62157188985605,2.6620285141107805,821,0
29.649576168369236,47.630389663956365,1.9261543050921663,295,0
27.372374145376305,48.37710039390219,2.5426047248169503,980,0
31.540459650593778,47.97073718631502,1.0044320145496384,197,0
34.77206991822251,49.12605025077217,2.4065519209190076,704,1
36.21669724661346,47.94860627641151,1.68476337814243,121,0
33.79381971071835,46.22696753179312,3.102997258273408,549,0
36.76027698257148,49.26192150071399,2.8887036763822556,271,0
28.74230287904778,47.09426769913738,2.7333354909830403,482,0
42.2188230203663,47.34623366135118,3.26050311357969,233,0
34.58924410803716,47.404338705956505,2.0255417395875814,525,0
40.58647915794064,49.374438093170816,3.373681598957779,124,0
36.71362673188852,45.864325786021304,2.9660957821301923,602,0
37.28376609576892,51.137748533659995,2.3817223563905268,284,0
37.84883640116102,49.05605680906605,3.067810073591472,184,0
37.23854280008658,48.22323891412916,1.946853243794183,666,1
38.21361379933772,47.94510599938371,2.087742919236163,862,0
41.64576265066216,48.28555407485766,2.19570513838015,243,0
35.98260584850735,48.521122428379336,2.235511145967992,962,0
38.54501878794256,48.645215585950055,1.9717211786198736,778,0
34.55132152856387,48.55560446600345,3.1115415335476624,511,0
42.200586077247365,48.08958068125525,2.370572799815084,323,0
31.61803848970365,47.802661579692675,2.67625248417844,319,0
44.004702164554075,47.84872671634649,2.21482431679316,278,0
34.79921024677828,47.80509171964732,1.5896983497257415,730,0
27.84612448940976,49.13377009686707,2.635028679195711,532,1
35.64052207455395,48.59355672228086,1.5438725122901116,364,0
31.594741712625595,45.05961136533572,2.465682976957266,528,0
39.20321774494362,48.65590077652976,1.8158424805835947,761,0
31.736880103488044,48.19473619471877,3.493637999615404,515,0
32.7690828339261,47.981291243554104,2.9556813610873607,552,0
25.552296345272346,47.611481546911115,2.55287689563574,826,0
32.73846840375462,49.124112719986016,3.131853338827334,296,1
22.88060336685522,48.94752646212286,2.076842011267132,653,0
27.080485882571384,47.22712233217639,2.7717396893350466,152,0
38.80207328072149,48.407052287124536,2.599905216859357,579,0
38.92900079325416,47.028343265458716,2.632010040666835,542,0
37.12728780892483,46.62038183521107,3.1361767500533837,429,0
30.165119284353935,47.37328277541003,2.866246051389901,350,1
34.7614432192901,48.862393472382756,2.6443618314125117,906,0
34.98198730454716,48.95312504537608,1.672556281885852,989,0
29.208176554037287,48.51308542009729,2.0199768523602684,882,0
42.51699150883575,48.725095786847994,2.4386455332021377,222,0
39.386811452878355,48.51617828711496,2.5466861871383255,978,0
33.89517913085168,47.35851840477705,1.934898137663038,486,0
35.134429194972654,48.43192254467394,3.705838337789211,438,0
36.04191403973776,48.800409525227685,3.258197027626786,877,1
24.791325657878545,48.754291329813576,2.8010591601962416,447,0
33.764113087397014,49.18891337147464,2.5360184306418723,128,0
31.590078760011007,48.708303847201066,2.393895515049424,134,0
29.991899950525422,48.35144820754158,2.0240407699888823,617,0
33.594498535570224,49.07015023831643,2.5387402592594315,495,0
43.988432634247616,47.97347874075094,2.6288762700713755,722,0
38.20421430633505,47.11812534877228,1.8791197122591878,393,0
32.144105051086015,47.83693303605624,2.6670882086224488,688,0
37.86291390678079,47.25509735519355,2.4223704755876256,448,0
